sequence_id	seqeunce_name	seqeunce_nucleotides
seqeunce:1	Mt beta lactamase full seq 	CTACGACCGGTCGTCGTAGATCCCGCCGCCGAGCAGCCGGGGGAGCGCGGCGTCGAATGCGCTTTGGCGC
CTGCCATCTGCGCGCGTGTGATACTACGGCATGCGCAACAGAGGATTCGGTCGTCGCGAACTGCTGGTAG
CGATGGCAATGCTGGTTTCCGTGACGGGGTGTGCACGGCATGCGAGCGGGGCCCGTCCGGCATCGACAAC
CTTGCCGGCCGGAGCGGATCTGGCGGATCGCTTCGCCGAGCTGGAGCGCAGATACGATGCCCGGCTTGGG
GTGTATGTGCCCGCCACCGGCACCACCGCCGCGATCGAATACCGCGCCGATGAGCGGTTCGCATTCTGCT
CCACGTTCAAGGCGCCGCTCGTGGCGGCGGTGCTGCACCAAAACCCGCTCACGCATCTGGACAAACTGAT
CACCTACACCAGTGACGACATTCGGTCGATCTCCCCGGTGGCCCAACAACACGTTCAGACCGGGATGACG
ATCGGGCAGCTTTGCGATGCGGCGATACGCTATAGCGACGGCACCGCCGCCAACCTGTTGCTGGCCGATC
TTGGCGGTCCCGGGGGCGGCACCGCGGCATTTACCGGCTACCTCCGCAGCTTGGGTGACACCGTGAGCCG
GTTGGACGCCGAGGAACCGGAGTTGAACCGCGATCCGCCCGGGGACGAACGGGATACCACAACACCGCAC
GCCATCGCCCTGGTGTTGCAGCAGCTTGTTCTCGGCAACGCGTTGCCGCCCGACAAGCGGGCACTGCTCA
CCGATTGGATGGCGCGCAACACCACCGGAGCCAAGCGGATCCGAGCGGGCTTTCCCGCCGATTGGAAGGT
GATCGACAAGACCGGGACCGGTGACTACGGACGAGCAAACGACATCGCGGTCGTGTGGTCACCGACCGGC
GTGCCCTACGTGGTGGCCGTCATGTCCGATCGTGCCGGCGGCGGGTATGACGCCGAGCCCCGTGAGGCGC
TGCTCGCCGAGGCGGCGACGTGCGTTGCCGGTGTGCTTGCATAGGCTCGTGGGACCGAAGTGACCGACGA
TCATCCGCGCGCCGACATTGTGTCCCGGCAGTACCACCGGTGGTTGTACCCGCACCCGATCGCCGATCTT
GAGG
seqeunce:2	Bf tetracycline resistance via MDR	TTACAACAAGCGACTTGGCTAAATAGCTCCGCTTTTGTATCTTCGATACAGCTTCGCTACTTCGCCAATT
CGCCGAGCCATTGTTATGGGCCATTTTTGAATGACAATGCGAATAGATACAGACAAACAAATGAATTTAC
TTAGTGATAAGAACGTTGCAATAATTGGTGGTGGACCCGTTGGACTGACTATGGCAAAATTATTACAGCA
AAACGGCATAGACGTTTCAGTTTACGAAAGAGACAACGACCGAGAGGCAAGAATTTTTGGTGGAACCCTT
GACCTACACAAAGGTTCAGGTCAGGAAGCAATGAAAAAAGCGGGATTGTTACAAACTTATTATGACTTAG
CCTTACCAATGGGTGTAAATATTGCTGATAAAAAAGGCAATATTTTATCCACAAAAAATGTAAAGCCCGA
AAATCGATTTGACAATCCTGAAATAAACAGAAATGACTTAAGGGCTATCTTGTTGAATAGTTTAGAAAAC
GACACGGTTATTTGGGATAGAAAACTTGTTATGCTTGAACCTGGTAAGAAGAAGTGGACACTAACTTTTG
AGAATAAACCGAGTGAAACAGCAGATTTGGTTATTCTTGCCAATGGCGGGATGTCCAAGGTAAGAAAATT
TGTTACCGACACGGAAGTTGAAGAAACAGGTACTTTCAATATACAAGCCGATATTCATCAACCAGAGATA
AACTGTCCTGGATTTTTTCAGCTATGCAATGGAAACCGGCTAATGGCATCTCACCAAGGTAATTTATTAT
TTGCTAACCCCAATAATAATGGTGCATTGCATTTTGGAATAAGTTTTAAAACACCTGATGAATGGAAAAA
CCAAACGCAGGTAGATTTTCAAAACAGAAATAGTGTCGTTGATTTTCTTCTGAAAGAATTTTCCGATTGG
GACGAACGCTACAAAGAATTGATTCATACGACGTTGTCATTTGTAGGATTGGCTACACGGATATTTCCTT
TAGAAAAGCCTTGGAAAAGCAAGCGCCCATTACCCATAACAATGATTGGGGATGCCGCACATTTGATGCC
GCCTTTTGCAGGGCAGGGAGTAAATAGTGGGTTGGTGGATGCCTTGATATTGTCTGATAATCTAGCCGAT
GGAAAATTTAATAGCATTGAAGAGGCTGTTAAAAATTATGAACAGCAAATGTTTATGTATGGCAAAGAAG
CACAAGAAGAATCAACTCAAAACGAAATTGAAATGTTTAAACCCGACTTTACGTTTCAGCAATTGTTAAA
TGTATAAAATGGAATAAAACGGCACATAACAAACAAATTGGCAATAGAGCCGGTGAAGTACTTCTATTGA
ACTTTTGTGCAATGTTGAAGATTAGTAATTCTATTCA
seqeunce:3	dsred full sequence	ATGAGGTCTTCCAAGAACGTTATCAAGGAATTTATGCGCTTCAAGGTCCGCATGGAAGGTACTGTTAACG
GTCACGAGTTCGAGATTGAGGGAGAGGGTGAGGGTCGTCCCTACGAGGGCCACAACACTGTCAAGCTCAA
GGTTACCAAGGGTGGTCCTCTTCCATTCGCATGGGACATTCTTTCCCCTCAGTTCCAGTATGGCTCCAAG
GTCTACGTCAAGCACCCCGCAGACATCCCCGATTACAAGAAACTTTCCTTCCCTGAAGGCTTCAAGTGGG
AGCGTGTGATGAACTTCGAGGACGGGGGCGTCGTTACAGTTACGCAGGATAGCTCTCTCCAAGACGGTTG
CTTCATCTATAAGGTCAAGTTCATCGGTGTCAACTTCCCCTCAGACGGTCCCGTCATGCAAAAGAAGACG
ATGGGTTGGGAAGCCAGCACAGAGCGCCTTTACCCCCGTGACGGTGTCCTTAAGGGTGAAATTCACAAGG
CACTCAAGCTGAAGGATGGAGGCCACTACCTCGTCGAGTTCAAGTCGATTTATATGGCTAAGAAGCCTGT
TCAGCTCCCTGGTTACTACTACGTCGACTCGAAGCTGGACATCACATCGCACAATGAGGATTACACGATC
GTTGAGCAGTACGAACGTACCGAGGGCCGTCACCACCTCTTCCTCTAG
